[
{
  "model": "admin.logentry",
  "pk": 1,
  "fields": {
    "action_time": "2024-02-12T21:36:25.125Z",
    "user": 1,
    "content_type": 7,
    "object_id": "1",
    "object_repr": "Test post",
    "action_flag": 1,
    "change_message": "[{\"added\": {}}]"
  }
},
{
  "model": "admin.logentry",
  "pk": 2,
  "fields": {
    "action_time": "2024-02-14T07:40:20.635Z",
    "user": 1,
    "content_type": 7,
    "object_id": "9",
    "object_repr": "Engage Extensible Info-Mediaries",
    "action_flag": 2,
    "change_message": "[{\"changed\": {\"fields\": [\"Body\", \"Tags\"]}}]"
  }
},
{
  "model": "admin.logentry",
  "pk": 3,
  "fields": {
    "action_time": "2024-02-14T07:40:30.176Z",
    "user": 1,
    "content_type": 7,
    "object_id": "13",
    "object_repr": "Innovate Mission-Critical Synergies",
    "action_flag": 2,
    "change_message": "[{\"changed\": {\"fields\": [\"Body\", \"Tags\"]}}]"
  }
},
{
  "model": "admin.logentry",
  "pk": 4,
  "fields": {
    "action_time": "2024-02-15T08:28:14.224Z",
    "user": 1,
    "content_type": 11,
    "object_id": "1",
    "object_repr": "localhost:8000",
    "action_flag": 2,
    "change_message": "[{\"changed\": {\"fields\": [\"Domain name\", \"Display name\"]}}]"
  }
},
{
  "model": "auth.permission",
  "pk": 1,
  "fields": {
    "name": "Can add log entry",
    "content_type": 1,
    "codename": "add_logentry"
  }
},
{
  "model": "auth.permission",
  "pk": 2,
  "fields": {
    "name": "Can change log entry",
    "content_type": 1,
    "codename": "change_logentry"
  }
},
{
  "model": "auth.permission",
  "pk": 3,
  "fields": {
    "name": "Can delete log entry",
    "content_type": 1,
    "codename": "delete_logentry"
  }
},
{
  "model": "auth.permission",
  "pk": 4,
  "fields": {
    "name": "Can view log entry",
    "content_type": 1,
    "codename": "view_logentry"
  }
},
{
  "model": "auth.permission",
  "pk": 5,
  "fields": {
    "name": "Can add permission",
    "content_type": 2,
    "codename": "add_permission"
  }
},
{
  "model": "auth.permission",
  "pk": 6,
  "fields": {
    "name": "Can change permission",
    "content_type": 2,
    "codename": "change_permission"
  }
},
{
  "model": "auth.permission",
  "pk": 7,
  "fields": {
    "name": "Can delete permission",
    "content_type": 2,
    "codename": "delete_permission"
  }
},
{
  "model": "auth.permission",
  "pk": 8,
  "fields": {
    "name": "Can view permission",
    "content_type": 2,
    "codename": "view_permission"
  }
},
{
  "model": "auth.permission",
  "pk": 9,
  "fields": {
    "name": "Can add group",
    "content_type": 3,
    "codename": "add_group"
  }
},
{
  "model": "auth.permission",
  "pk": 10,
  "fields": {
    "name": "Can change group",
    "content_type": 3,
    "codename": "change_group"
  }
},
{
  "model": "auth.permission",
  "pk": 11,
  "fields": {
    "name": "Can delete group",
    "content_type": 3,
    "codename": "delete_group"
  }
},
{
  "model": "auth.permission",
  "pk": 12,
  "fields": {
    "name": "Can view group",
    "content_type": 3,
    "codename": "view_group"
  }
},
{
  "model": "auth.permission",
  "pk": 13,
  "fields": {
    "name": "Can add user",
    "content_type": 4,
    "codename": "add_user"
  }
},
{
  "model": "auth.permission",
  "pk": 14,
  "fields": {
    "name": "Can change user",
    "content_type": 4,
    "codename": "change_user"
  }
},
{
  "model": "auth.permission",
  "pk": 15,
  "fields": {
    "name": "Can delete user",
    "content_type": 4,
    "codename": "delete_user"
  }
},
{
  "model": "auth.permission",
  "pk": 16,
  "fields": {
    "name": "Can view user",
    "content_type": 4,
    "codename": "view_user"
  }
},
{
  "model": "auth.permission",
  "pk": 17,
  "fields": {
    "name": "Can add content type",
    "content_type": 5,
    "codename": "add_contenttype"
  }
},
{
  "model": "auth.permission",
  "pk": 18,
  "fields": {
    "name": "Can change content type",
    "content_type": 5,
    "codename": "change_contenttype"
  }
},
{
  "model": "auth.permission",
  "pk": 19,
  "fields": {
    "name": "Can delete content type",
    "content_type": 5,
    "codename": "delete_contenttype"
  }
},
{
  "model": "auth.permission",
  "pk": 20,
  "fields": {
    "name": "Can view content type",
    "content_type": 5,
    "codename": "view_contenttype"
  }
},
{
  "model": "auth.permission",
  "pk": 21,
  "fields": {
    "name": "Can add session",
    "content_type": 6,
    "codename": "add_session"
  }
},
{
  "model": "auth.permission",
  "pk": 22,
  "fields": {
    "name": "Can change session",
    "content_type": 6,
    "codename": "change_session"
  }
},
{
  "model": "auth.permission",
  "pk": 23,
  "fields": {
    "name": "Can delete session",
    "content_type": 6,
    "codename": "delete_session"
  }
},
{
  "model": "auth.permission",
  "pk": 24,
  "fields": {
    "name": "Can view session",
    "content_type": 6,
    "codename": "view_session"
  }
},
{
  "model": "auth.permission",
  "pk": 25,
  "fields": {
    "name": "Can add post",
    "content_type": 7,
    "codename": "add_post"
  }
},
{
  "model": "auth.permission",
  "pk": 26,
  "fields": {
    "name": "Can change post",
    "content_type": 7,
    "codename": "change_post"
  }
},
{
  "model": "auth.permission",
  "pk": 27,
  "fields": {
    "name": "Can delete post",
    "content_type": 7,
    "codename": "delete_post"
  }
},
{
  "model": "auth.permission",
  "pk": 28,
  "fields": {
    "name": "Can view post",
    "content_type": 7,
    "codename": "view_post"
  }
},
{
  "model": "auth.permission",
  "pk": 29,
  "fields": {
    "name": "Can add comment",
    "content_type": 8,
    "codename": "add_comment"
  }
},
{
  "model": "auth.permission",
  "pk": 30,
  "fields": {
    "name": "Can change comment",
    "content_type": 8,
    "codename": "change_comment"
  }
},
{
  "model": "auth.permission",
  "pk": 31,
  "fields": {
    "name": "Can delete comment",
    "content_type": 8,
    "codename": "delete_comment"
  }
},
{
  "model": "auth.permission",
  "pk": 32,
  "fields": {
    "name": "Can view comment",
    "content_type": 8,
    "codename": "view_comment"
  }
},
{
  "model": "auth.permission",
  "pk": 33,
  "fields": {
    "name": "Can add tag",
    "content_type": 9,
    "codename": "add_tag"
  }
},
{
  "model": "auth.permission",
  "pk": 34,
  "fields": {
    "name": "Can change tag",
    "content_type": 9,
    "codename": "change_tag"
  }
},
{
  "model": "auth.permission",
  "pk": 35,
  "fields": {
    "name": "Can delete tag",
    "content_type": 9,
    "codename": "delete_tag"
  }
},
{
  "model": "auth.permission",
  "pk": 36,
  "fields": {
    "name": "Can view tag",
    "content_type": 9,
    "codename": "view_tag"
  }
},
{
  "model": "auth.permission",
  "pk": 37,
  "fields": {
    "name": "Can add tagged item",
    "content_type": 10,
    "codename": "add_taggeditem"
  }
},
{
  "model": "auth.permission",
  "pk": 38,
  "fields": {
    "name": "Can change tagged item",
    "content_type": 10,
    "codename": "change_taggeditem"
  }
},
{
  "model": "auth.permission",
  "pk": 39,
  "fields": {
    "name": "Can delete tagged item",
    "content_type": 10,
    "codename": "delete_taggeditem"
  }
},
{
  "model": "auth.permission",
  "pk": 40,
  "fields": {
    "name": "Can view tagged item",
    "content_type": 10,
    "codename": "view_taggeditem"
  }
},
{
  "model": "auth.permission",
  "pk": 41,
  "fields": {
    "name": "Can add site",
    "content_type": 11,
    "codename": "add_site"
  }
},
{
  "model": "auth.permission",
  "pk": 42,
  "fields": {
    "name": "Can change site",
    "content_type": 11,
    "codename": "change_site"
  }
},
{
  "model": "auth.permission",
  "pk": 43,
  "fields": {
    "name": "Can delete site",
    "content_type": 11,
    "codename": "delete_site"
  }
},
{
  "model": "auth.permission",
  "pk": 44,
  "fields": {
    "name": "Can view site",
    "content_type": 11,
    "codename": "view_site"
  }
},
{
  "model": "auth.user",
  "pk": 1,
  "fields": {
    "password": "pbkdf2_sha256$720000$RxpPyWkRBw9pbRwrN5QlXA$P1+76imXMRE0A5UqCtNMN1x4yXOGUG+iAY7+QyWhwJc=",
    "last_login": "2024-02-15T08:27:40.870Z",
    "is_superuser": true,
    "username": "admin",
    "first_name": "",
    "last_name": "",
    "email": "",
    "is_staff": true,
    "is_active": true,
    "date_joined": "2024-02-12T21:33:46.718Z",
    "groups": [],
    "user_permissions": []
  }
},
{
  "model": "auth.user",
  "pk": 2,
  "fields": {
    "password": "pbkdf2_sha256$720000$ZLPfH9sAymLY8zGxVfIjZx$cx/CpFfNt2gDaM1Cs90kCtRfja7QlnPR1MAaPRHwGV0=",
    "last_login": null,
    "is_superuser": false,
    "username": "martintonya",
    "first_name": "Jacob",
    "last_name": "Horton",
    "email": "jlawson@example.com",
    "is_staff": false,
    "is_active": true,
    "date_joined": "2024-02-13T14:26:46.955Z",
    "groups": [],
    "user_permissions": []
  }
},
{
  "model": "auth.user",
  "pk": 3,
  "fields": {
    "password": "pbkdf2_sha256$720000$f6dmc0Hch9hSAwtFw6izyW$Bfj4kbRY5C/NXlyCstKg86k+BTfptVc74MzBf73JyrQ=",
    "last_login": null,
    "is_superuser": false,
    "username": "masseypatricia",
    "first_name": "Mark",
    "last_name": "Morris",
    "email": "christian11@example.com",
    "is_staff": false,
    "is_active": true,
    "date_joined": "2024-02-13T14:26:47.152Z",
    "groups": [],
    "user_permissions": []
  }
},
{
  "model": "auth.user",
  "pk": 4,
  "fields": {
    "password": "pbkdf2_sha256$720000$Nr0y81IXufAIDe6mysCnXG$FTA695iMH9qYxTehnKLXH+UF6ztNB+gt41V8L0SXa+Q=",
    "last_login": null,
    "is_superuser": false,
    "username": "stapia",
    "first_name": "Richard",
    "last_name": "Guzman",
    "email": "krowe@example.net",
    "is_staff": false,
    "is_active": true,
    "date_joined": "2024-02-13T14:26:47.311Z",
    "groups": [],
    "user_permissions": []
  }
},
{
  "model": "auth.user",
  "pk": 5,
  "fields": {
    "password": "pbkdf2_sha256$720000$XKwY46b0iAnA47kkRS5cqY$JUHe5tdHiTmDnEq3liglqueV8U4pwVkEYWG2q9LqeJg=",
    "last_login": null,
    "is_superuser": false,
    "username": "michellemahoney",
    "first_name": "Anthony",
    "last_name": "Smith",
    "email": "rpowers@example.net",
    "is_staff": false,
    "is_active": true,
    "date_joined": "2024-02-13T14:26:47.473Z",
    "groups": [],
    "user_permissions": []
  }
},
{
  "model": "auth.user",
  "pk": 6,
  "fields": {
    "password": "pbkdf2_sha256$720000$Tq5Vso8TyUlDbjm26DDqbh$Fv70VghCpsZUACEaVR+Wh/BZJskipwzzAfQA8fX0mio=",
    "last_login": null,
    "is_superuser": false,
    "username": "thompsonjessica",
    "first_name": "Dennis",
    "last_name": "Harrison",
    "email": "leeronald@example.net",
    "is_staff": false,
    "is_active": true,
    "date_joined": "2024-02-13T14:26:47.632Z",
    "groups": [],
    "user_permissions": []
  }
},
{
  "model": "contenttypes.contenttype",
  "pk": 1,
  "fields": {
    "app_label": "admin",
    "model": "logentry"
  }
},
{
  "model": "contenttypes.contenttype",
  "pk": 2,
  "fields": {
    "app_label": "auth",
    "model": "permission"
  }
},
{
  "model": "contenttypes.contenttype",
  "pk": 3,
  "fields": {
    "app_label": "auth",
    "model": "group"
  }
},
{
  "model": "contenttypes.contenttype",
  "pk": 4,
  "fields": {
    "app_label": "auth",
    "model": "user"
  }
},
{
  "model": "contenttypes.contenttype",
  "pk": 5,
  "fields": {
    "app_label": "contenttypes",
    "model": "contenttype"
  }
},
{
  "model": "contenttypes.contenttype",
  "pk": 6,
  "fields": {
    "app_label": "sessions",
    "model": "session"
  }
},
{
  "model": "contenttypes.contenttype",
  "pk": 7,
  "fields": {
    "app_label": "blog",
    "model": "post"
  }
},
{
  "model": "contenttypes.contenttype",
  "pk": 8,
  "fields": {
    "app_label": "blog",
    "model": "comment"
  }
},
{
  "model": "contenttypes.contenttype",
  "pk": 9,
  "fields": {
    "app_label": "taggit",
    "model": "tag"
  }
},
{
  "model": "contenttypes.contenttype",
  "pk": 10,
  "fields": {
    "app_label": "taggit",
    "model": "taggeditem"
  }
},
{
  "model": "contenttypes.contenttype",
  "pk": 11,
  "fields": {
    "app_label": "sites",
    "model": "site"
  }
},
{
  "model": "sessions.session",
  "pk": "3pjm9t9sgu9axn1ryxlaybzmb3wy750j",
  "fields": {
    "session_data": ".eJxVjDsOwjAQRO_iGlne9Z-SPmew1h_hALKlOKkQdyeRUkA3mvdm3izQttawjbKEObMrA3b57SKlZ2kHyA9q985Tb-syR34o_KSDTz2X1-10_w4qjbqvrSqQEWM0SMmS8xFQAgipAKTHbD05vWdhEJRGabXz2lgXbVLCgWOfL6bGNYc:1ra9sE:lrki13C4AAyIvP5JkG2QB7Xz-vkjn2U797Bx9k54OG8",
    "expire_date": "2024-02-28T07:40:06.563Z"
  }
},
{
  "model": "sessions.session",
  "pk": "40pr0oj7sx5xx3cun8n2b7flsyu5kw63",
  "fields": {
    "session_data": ".eJxVjDsOwjAQRO_iGlne9Z-SPmew1h_hALKlOKkQdyeRUkA3mvdm3izQttawjbKEObMrA3b57SKlZ2kHyA9q985Tb-syR34o_KSDTz2X1-10_w4qjbqvrSqQEWM0SMmS8xFQAgipAKTHbD05vWdhEJRGabXz2lgXbVLCgWOfL6bGNYc:1raX5o:nr158pIPAnbLccy15XRQvd0Qc2kGRVuy4x3IGxA2bJM",
    "expire_date": "2024-02-29T08:27:40.871Z"
  }
},
{
  "model": "sessions.session",
  "pk": "qas1256ftk943e0rpmfjq7w7l2r1is6f",
  "fields": {
    "session_data": ".eJxVjEEOwiAQRe_C2pBOGSl16d4zkGEYpGogKe3KeHfbpAvd_vfefytP65L92mT2U1QXBer0uwXip5QdxAeVe9VcyzJPQe-KPmjTtxrldT3cv4NMLW81C5F0MfVj6CiBQEBENmjJ9c6Qk8FhSM6aZJnQBCeJz5tFPMAICOrzBRErOLY:1rZdyB:pBsmHz5pt-vNDaWm54IwTH3-ZVqm8KLFE9Go7jjL6JQ",
    "expire_date": "2024-02-26T21:36:07.094Z"
  }
},
{
  "model": "sites.site",
  "pk": 1,
  "fields": {
    "domain": "localhost:8000",
    "name": "localhost:8000"
  }
},
{
  "model": "blog.post",
  "pk": 1,
  "fields": {
    "title": "Test post",
    "slug": "test-post",
    "author": 1,
    "body": "This is a sample post",
    "publish": "2024-02-12T21:36:12Z",
    "created": "2024-02-12T21:36:25.123Z",
    "updated": "2024-02-14T07:44:40.030Z",
    "status": "PB"
  }
},
{
  "model": "blog.post",
  "pk": 2,
  "fields": {
    "title": "Integrate Distributed Users",
    "slug": "integrate-distributed-users",
    "author": 2,
    "body": "\tCharge less mission create. Theory gun born stock eight bit south. Conference man already piece after. Difference nature actually water challenge no official. Tend film manage kid among evening example. Large true agent feeling instead happen. Reason during to ready. Phone force continue record training. Community center hospital open conference education. Light development along present service else. Also vote upon give. Long mean throughout couple stop often smile.\n\tAppear country research. Already Mrs senior choose lot should. Run good list chair. Peace director long lead sometimes your training. Court either Congress simple source market. Break must task approach seat he. Each huge away draw.\n\tSet treat mean above. Chance feeling else human dream stop couple because. Ready gas act any put. Thousand range cold mission recent care week. Marriage city under pattern process only born. Nothing traditional fill peace. Partner rich different seek power. Individual to color. So field radio administration add.\n\tThe late doctor show far. Somebody size office she often prepare. Early home travel marriage. Here sound themselves thank section over black teacher. Short west buy. Audience certainly miss friend within. Visit alone way often among without specific. Cost budget TV region ball. Billion performance project air middle rather. Event gas responsibility population. Trip leg per key activity woman identify today.\n\tNow course industry senior lose. Across western our quality model the. High simple education like evening. Drop read easy side. Number college more glass. Message foot realize subject animal. Inside save action break must. For stay her number little. Able child short play such minute.",
    "publish": "2024-02-06T17:00:15.014Z",
    "created": "2024-02-13T14:30:21.744Z",
    "updated": "2024-02-14T07:44:40.003Z",
    "status": "PB"
  }
},
{
  "model": "blog.post",
  "pk": 3,
  "fields": {
    "title": "Integrate End-To-End E-Business",
    "slug": "integrate-end-to-end-e-business",
    "author": 4,
    "body": "\tPartner they television off item sell. Computer character president small eight. Point green once power yourself consumer. May one available heavy often six know. Major most family travel positive dog address. Me reduce expect certain prevent. School fact parent adult PM production. Miss research gun affect bank eat.\n\tMoment quickly lead center. Blue glass worry away glass nor house. Surface contain adult sound. Movie meeting Mr color test seven. Around task marriage watch. But scientist entire deep building garden sit. Address rock benefit. Republican he role. Picture camera laugh check scientist. Whom argue cause gun effort.\n\tMaybe exactly nature any ok pattern friend. Field stand shake matter. Religious have answer join. Conference surface another care study long worker in. Its successful machine process deep now.\n\tClearly often evening myself. Much always wall edge whatever. Idea example measure perhaps among ability move. Opportunity allow box tough everybody talk. Skin account coach whatever this bed. Bank hand economy structure rich read operation allow. As certainly first seek high plan recognize. Staff parent prevent seem who entire. Argue child important evening home. Notice official have. Question human team available discussion. Set traditional skill work. Section tax instead data.\n\tLose Mrs house protect our fund plan. Worker bring design. Good product always eye. Sell if sound listen with. Foreign test at guy happy thing them. Structure design difficult ok more seat buy. Which brother history poor large even off. Role case believe treat consider media. Do building drug also read. Specific environmental wonder. Operation will total. Indicate future defense spring value. Wide executive check nice professional mention.\n\tAccount dinner current relationship information senior training. Go subject life test win management continue. Simply democratic guess onto mention generation small. Center some success nearly surface plant. Speak career force pick of natural hour. Bank when test force. Relationship move individual window stand not. Offer executive instead ball particularly stop. Forget sometimes several professional. Kind seat newspaper clearly moment family because career. Drop create difficult police age.\n\tSerious apply building church despite. Serve role Congress test phone hope. Foreign our whole. Central writer little be trip their it. Kid thank pay red society science. Live by dark commercial. Rate land anything worker total door series light.",
    "publish": "2024-02-05T11:01:00.793Z",
    "created": "2024-02-13T14:30:21.747Z",
    "updated": "2024-02-14T07:44:39.994Z",
    "status": "PB"
  }
},
{
  "model": "blog.post",
  "pk": 4,
  "fields": {
    "title": "Unleash Proactive Platforms",
    "slug": "unleash-proactive-platforms",
    "author": 5,
    "body": "\tAccept under thousand development environmental firm. Adult movement how. Population might service more account able himself provide. We market most black. Economy book time wonder. Whole lot scientist author marriage baby whose. Other fact later decision. Indeed short page election learn box girl unit. Ability good rest cause person sort. Either five you act court happen both. Born first campaign. Voice sea recognize grow. Car field from.\n\tOk will thought land. Parent newspaper maintain in interview. Company these customer page seat keep. Agency idea election society. Early full dark father now others. Clearly there imagine star. Us country hand speak whole away check.\n\tIn save him. Democrat goal door what care usually audience. Reason owner voice. Political development government its language. Only daughter already court piece fly. Commercial raise wish human decision allow generation born. Recent stuff election buy.\n\tSure protect involve seven opportunity price sign. Lawyer politics official tax second. Could pressure when age challenge him. Else vote matter agree player control. Speak likely through send order couple commercial. Base dinner whose beat responsibility take.\n\tDeep national deal home. Month every far animal. Still box southern third. Lot series behind above allow. True according poor section network. Rock appear training center positive down. Fine probably many similar meeting because thousand. Strategy data likely charge simple. Plan reveal begin product this edge office. Trouble economic social. Go within popular talk produce pressure form store. Writer goal speech military use party.\n\tSeries street about participant glass fall data. Each understand together training field north sport. Wish rise tax increase spring. State Republican relationship measure learn radio. Organization write front without condition your away bill. List score authority. Support many stop cup reality a ready watch. Discuss computer bad push meeting mouth alone must. Type rule short culture. Exactly soon religious be parent hit they water. Group sport may. Often least large leave need available fund defense. Can arrive get garden large.\n\tRoad how southern college ever wonder until. Deep computer sing should remember accept. None soldier item five nor above fly. Traditional total process yes question hundred degree detail. Gas hear Republican to. Poor five create bring fly. Story edge show yourself person subject daughter marriage. Do else record best machine identify material. Area capital by ahead. Main our during box. Look traditional middle simple. See remain remain situation cost my choice commercial. Cut so west poor.\n\tConcern majority girl him generation. Though hard physical cut surface difference mother. Continue level expect now seven mind cost. Production boy market forget. Read early box however those catch number. Shoulder story establish staff place course phone. Bit south career black. Pattern level help. Because upon big agree. View production than be teacher. Movement serious board true threat. Become call decide view responsibility full drop.\n\tSeason sense become add executive expert. Experience kind to. Score woman turn over life candidate. Job play hand necessary particularly. Production above face. Others nice wind himself record. Them community child small attention recently read. Happy ready learn how everything must attack. Option each push door mouth. Speak brother society must wish theory bring. Ground position federal north.",
    "publish": "2024-02-05T18:24:23.832Z",
    "created": "2024-02-13T14:30:21.749Z",
    "updated": "2024-02-14T07:44:39.992Z",
    "status": "PB"
  }
},
{
  "model": "blog.post",
  "pk": 5,
  "fields": {
    "title": "Optimize Bleeding-Edge Bandwidth",
    "slug": "optimize-bleeding-edge-bandwidth",
    "author": 3,
    "body": "\tJob specific explain pressure store organization. Cultural meeting never television player respond. Break employee finish authority senior. Recently civil hard garden something improve. Director within foot subject bank important public. May together store long. Human history because season allow arrive financial. Clear TV experience case. During affect arm start half turn. Product leg hard environmental hear grow suffer. Owner debate television he you Democrat operation. Despite common guy kid account. Right must behavior concern.\n\tFollow fight your discuss general pass. Modern matter set outside. Act he part. Fight number quite turn image fund. Different out director grow against perhaps southern. Before later environment whether call leave garden suffer. Stop ok those write. Language offer professional character. Much wife without similar provide. Including yet here act.\n\tRequire but break nice check special suggest. Space much wide take. West tend order military. Left common walk free. Feel threat purpose little bed guy including. Sign couple popular positive attention television speak kid. Amount decision beat goal card life board.\n\tAlready behavior smile among sell memory. Start outside economy sound Democrat base however. Current court sure role middle. Interest country drive practice lot both. Direction history everything. Pattern beautiful new system. Can concern Democrat listen street. His must benefit full where per. Office improve daughter. Blue local page all morning work have energy. Enough pressure and which continue occur establish. Question experience just. Agreement over pretty tax. Movie without degree region. Real before simple discuss kitchen lay term.\n\tEnvironmental laugh call add health. Break final develop responsibility. Significant contain human choose focus anyone. Main can party. Watch as set site. Bed edge life call attention now. When hot lay become save. Range them opportunity list attorney worry many. Already surface some huge drug ten. Left cut can only. Offer tough moment early almost responsibility.\n\tExactly week adult human. Itself executive party this result ready. Whose sometimes chair its. Act event describe available. Argue city mind region good before. Beat follow discover eye.\n\tNorth share discussion part image run risk. Keep check myself common so. Huge away move character agree structure place. Brother writer in staff so. Feel business take not film sometimes. Coach hospital partner. Security nothing continue. Left glass beat home face particular audience. We available bar country. Rise yeah pull former third. Help indeed magazine season home much dinner.\n\tBusiness cover hope red challenge. Group own charge per. Six laugh yet example class. Walk good result consumer positive source forget. Break far blue bed three performance. Wall thus join professor bill today. Tell hard last including girl. Church voice ten million past soon. During policy become part account stop ground activity. Though beyond political civil nation unit loss.\n\tAlone policy left evening. Raise market claim imagine those. Site fast protect campaign now. Nature less carry discussion fall interesting range. Actually always call politics beautiful owner race. Cost strong program expert memory. Off nor really fact. Bed gun mind process. Couple two pressure expect. Follow improve I ask let.\n\tApply away today director. Tough fast skill soldier eight for away. Ever school page name job financial. Onto week never sister job. Reveal condition run activity per thus. Size dream population himself. Style interview green four series.\n\tStrategy base help five ahead everything avoid weight. Draw improve event reality assume fund civil within. Government need particular want human every. Read energy machine place. Suddenly put focus site thank him activity. Nation church rather southern. Process light there maybe cell heart eye.",
    "publish": "2024-02-12T05:58:24.419Z",
    "created": "2024-02-13T14:30:21.751Z",
    "updated": "2024-02-14T07:44:40.047Z",
    "status": "PB"
  }
},
{
  "model": "blog.post",
  "pk": 6,
  "fields": {
    "title": "Engage Proactive Markets",
    "slug": "engage-proactive-markets",
    "author": 5,
    "body": "\tLong word produce edge may simple. Chair option short factor. Official until mention example. You support word education. Draw remember message degree ball agent bit.\n\tShake kitchen none chance since. Me front national. Number current else worry glass serve control. Occur teacher meet. Executive nice team national onto son community join. Use product arm city through investment law. Accept price character identify cell. Eat everybody rise single. Office condition unit hair.\n\tLike what become president style discover create. Nor red daughter particularly huge notice finally. Part prepare cut. Available next fact probably. Short at region apply order. Would other specific. Politics current somebody administration. Arm light hold east. What responsibility wait focus probably still. Open eat sense better cultural red parent. Itself good put evening drop believe per fine.\n\tStep really example to begin. Us late work list these or. Cover lawyer garden without drug act. Job recent consumer bring. Nor woman military significant. Pick through attorney talk conference police. Be want stop free true represent big. Hour oil seem item worry have interesting industry. Home like stop price low. Budget able civil enough property agreement. Must structure organization clearly effort.\n\tDecide assume lose within go difficult there approach. Quite group color clear kitchen piece. Leader movement scene determine how. Down time world hospital. Almost ball sit yet father. Treat think grow same.\n\tWant recently affect trip. Court according boy they forget draw. Whole health make finish. International position impact truth exist those probably. Even win out live. Area contain meet surface pull. Never chance trouble free. Direction mother happen impact. Tough course purpose. Page usually stop school impact production.\n\tLittle Mr even main. Weight according economy service think. Save leader offer kid term. Market one subject glass to clear thought. Seat thank suggest sense. Hope black the. Fire east value citizen yeah. Official continue might somebody crime. Happen federal food newspaper from soon. Center detail as do visit step. Government visit rich soldier camera hot sound affect. Father standard interview become follow million major. Anyone ever model cup eight hear pass training. Professor recognize only. Because sign water central sure TV.\n\tFuture economy where money social parent together. Your step past agreement. West against bag Mr mouth. Reflect visit dark sound toward red cost. Blood particularly father window worry expert floor knowledge. Those reveal second try happen security edge. What speak play not arm easy. Want she catch build seven sit vote election. Result world child. State show another field consider month citizen grow. Southern campaign contain produce city everybody that. Right size better fire interview.\n\tWithout smile staff here beautiful growth. Congress glass free represent. Politics think raise adult region soon. Television certainly speech gun loss. Person himself wrong enough could worry increase station. Whole know notice itself production compare write. Book despite him central.",
    "publish": "2024-02-04T01:37:12.399Z",
    "created": "2024-02-13T14:30:21.754Z",
    "updated": "2024-02-14T07:44:40.059Z",
    "status": "PB"
  }
},
{
  "model": "blog.post",
  "pk": 7,
  "fields": {
    "title": "Disintermediate Visionary Metrics",
    "slug": "disintermediate-visionary-metrics",
    "author": 4,
    "body": "\tHuman wish or last up word. Early series seat quality boy home outside. On none film lot choose success either. Conference most toward mention suggest. Computer certainly garden value imagine western fly. While no sound experience notice business walk. Democrat strategy character foot wide meet. Authority would try space about provide.\n\tUnder five become practice company evening. Tax specific kitchen media join source. Be that whose whatever. Artist mouth picture yourself plan nice opportunity. Certain peace represent reflect world. Anyone recently visit somebody difficult history. Such hospital power role day store bad.\n\tLot team true cold ball. They party author up. Reveal deal station board. Finish state almost camera red language worker institution. Opportunity son compare arrive research me.\n\tFamily old another meet spend. Coach white character whether air authority hotel. Across throughout may never. Discuss pull meet budget least get happy through. Analysis analysis imagine best huge put group child. Story official building voice compare trial. Either away artist dark issue wind. Yourself worker kitchen contain past clearly but practice. Change both detail operation. Effort lead later rise wait hundred. Research similar any several. Quickly expect artist direction. Exist foreign quite us. General bit decade black office collection wrong require.\n\tAddress the level stage report sense. Brother south theory indicate realize past. First history carry fall keep authority international. Position necessary around carry imagine source picture treat. Unit write character time respond soon. Participant cold week. Worry want soon place car understand really. Wonder hand attention consumer kind lead way. Picture none instead much. West upon democratic may among after who. To cup else. Fire sell action media or possible.",
    "publish": "2024-02-09T01:18:19.669Z",
    "created": "2024-02-13T14:30:21.756Z",
    "updated": "2024-02-14T07:44:40.044Z",
    "status": "PB"
  }
},
{
  "model": "blog.post",
  "pk": 8,
  "fields": {
    "title": "Innovate Wireless Web-Readiness",
    "slug": "innovate-wireless-web-readiness",
    "author": 3,
    "body": "\tBase act add. Billion someone successful interesting act heavy. About line skill medical first. Believe executive house. House glass authority movie both politics. Fine question baby whatever. Three paper child car shoulder kind recent. Give send ago quite. Win respond economic grow subject group sister.\n\tEach inside foot full drug. Once material marriage sport respond week where. Say represent no. Rich my catch fact discover choose song. Knowledge investment hope would least. Fly race college treat they region across without. Low read together agreement could as drop. Rate east news full. Yeah region together also.\n\tDetermine amount husband despite middle high security. Social try suddenly stuff stop form fly service. War box ready to player meet under. Event medical today lead trip commercial. Eye film industry near. Movement catch outside. Federal do issue land. Present detail space yourself also model use north.\n\tRemain it cause vote television yourself treat specific. Every let director against start then by. Where card practice me state. Often build top structure side. Increase party spend chance social. Why surface beautiful loss special. Yeah him according history throw crime. Increase leave all occur process everything laugh. Order have front instead describe effect use. Hospital fall firm data affect. Seek water for really.\n\tFamily phone beautiful understand dream discussion. Although thank wrong green house true. Whose quality attorney only sense its right able. Drop to water. Can price pretty right. Probably wife defense clear small PM form first. Money huge third total consider various.\n\tCatch language show. Require country fight better. Drug fly begin size care. Baby consumer pull soldier. Within public wall set become true already. Write alone available police we produce. Choose bill current. Organization enter space ok both plan media. Doctor let career technology. Public same or. Thing its man.\n\tPrepare ball through leader today half. North operation wife certain pay. Born can care tend yard family performance young. Far moment himself room argue reduce. Attorney program two newspaper able. Its eye start else none. Nice almost letter where take. Same local charge ability. Thus either onto successful Democrat. Serious six movie real fear. Southern at model former color. High rest respond main in her. Peace either hour myself answer religious. Population pick remember capital notice. Consumer seat low. Throw believe heart able daughter involve.\n\tSouthern small interview front attention cost. Trip trip financial somebody billion language. Social perform create nature by stand specific. Race back level entire technology. Its dark identify rest certainly ago. Goal use second per movie gas anyone treat. Life data wrong tonight opportunity discover buy. Major over above garden international. Nor pick drop describe.\n\tSuddenly individual against task push occur. Task do decade almost. Without score if. Seek begin address state. Clear less because create peace tough. Organization financial day order team station. Half coach most address risk top prepare. Dog phone when.\n\tOnly because professional lawyer while ahead. Physical serve program soon our two hospital start. Seek enough message song operation expert. But do former kitchen answer off. Care test receive. Might war forward decide speak drop perform.\n\tAssume line project one board although however figure. Fine her last matter. Actually camera game side strategy sort. Federal need run place wonder. Toward heavy if. Half audience rich up. Voice TV trip art deal. General western policy bag before.",
    "publish": "2024-02-12T18:09:03.268Z",
    "created": "2024-02-13T14:30:21.758Z",
    "updated": "2024-02-14T07:44:40.025Z",
    "status": "PB"
  }
},
{
  "model": "blog.post",
  "pk": 9,
  "fields": {
    "title": "Engage Extensible Info-Mediaries",
    "slug": "engage-extensible-info-mediaries",
    "author": 4,
    "body": "Large political newspaper provide trouble bank. Against project put help hold. Set human others school hand Mr. Care turn side popular government local end. City more now sound. Energy thousand today loss wait after.\r\n\tCustomer bar news mind everybody option. Help understand fine small people list visit government. Chair goal mother during. Scientist find so. Tonight rich western garden expert. Of scene place make. Place bring whether painting enough stop.\r\n\tMachine fund political show team man. A tree anything. I stock back break. Crime arm time bill magazine. Southern sign common kid from few song. Term forget deep example station personal. Pull game financial read amount. Radio relationship development field month establish. Official eye wrong yeah bit write doctor hair. If artist offer same section forward cup.\r\n\tBeyond past our account approach. Happy art range person. Here enough particular state lose meet. Success education big item purpose. Success back time. Bar ground six. Soldier name nature car north arm. Product result since owner stop fall onto. Service property half through. Cause actually him ask resource. Whether current need success away product whose.\r\n\tBut head family before responsibility all concern because. Heart control explain arrive leave assume beautiful. Magazine boy go purpose modern. Day move technology hair others knowledge fire. Both memory white different last news do. Money hotel you. Medical he through doctor world once office. When several miss back prevent it test mean. Government nearly clearly herself. Husband painting agent play. Simply kid opportunity official conference because his. Task mention realize skill establish especially. Study shake owner still once law. Nice fund here team. Take few according read network write choice.\r\n\tBuilding thus board relate size such prepare though. Fire responsibility man himself instead. Not federal notice argue all rather. Term power baby. Despite politics TV its rather alone fund room. From provide opportunity smile. Camera commercial suggest dog political night if go. Protect meeting low strong speak make during.\r\n\tRecord citizen personal offer low. Third movement hair available girl concern need. At answer decision admit. Attack whether concern let hotel. Mouth simple threat team compare will personal. Behavior first ever model today.",
    "publish": "2024-02-01T21:28:21Z",
    "created": "2024-02-13T14:30:21.759Z",
    "updated": "2024-02-14T07:40:20.624Z",
    "status": "PB"
  }
},
{
  "model": "blog.post",
  "pk": 10,
  "fields": {
    "title": "Harness Collaborative Functionalities",
    "slug": "harness-collaborative-functionalities",
    "author": 4,
    "body": "\tStandard also policy might attorney about. Quality necessary put. Want political security now friend. Shoulder leader on movement. Thought similar goal red hear explain grow.\n\tArea ok later space tonight would. To either bag note. Particularly nation low case media. Method its argue budget word start like.\n\tFree war detail Mr safe pretty. Health degree everybody specific exactly. Book right live program positive walk. Best treat soon raise recently score understand. Tough thousand test them.\n\tAct door head general true increase. Law when fill. Service herself prepare eat apply. Similar by out stand. Room travel right out anything fly traditional. Newspaper city majority with reflect. Question trouble country. Near people else safe. News remember information when no move. Hold Democrat within hour box production reality. May expect writer. Let east along here. Here forward start lay tree international.\n\tKeep manage simply meeting window maybe. Great condition upon attention assume tonight law. Police agent me watch. Actually scientist condition seat small. Without question position structure recognize something relate. Agree green price including alone. House miss bar. Last property argue receive employee. The bad language eat. Blue security about. Public tough fine defense. Author chair quality purpose such former threat.\n\tOver thus next. By between may age. Rich energy difference section staff check site knowledge. Put miss sister rich exist whom college. Nearly however time. Instead short follow him blue data. Marriage certain above course this American prove. Find off four give fact. Exactly tonight simple behavior spend. Question investment account poor five door hour hair.\n\tWhatever whom difficult. Kind upon together event. Local defense allow already but. Close week serve time close necessary. Learn few leg peace material civil contain. Scientist foot set within medical common. Already race score live cost might say. Discussion this woman movie upon. Hair your join stuff. Top question wish others. Close small argue issue benefit life. South employee difficult air energy likely himself maintain.\n\tGround case deep crime behavior. Six land good coach public. Until require PM. Gun staff show study them effect up choice. Care full next newspaper agreement fill. Each hope size response.",
    "publish": "2024-02-10T03:54:35.394Z",
    "created": "2024-02-13T14:30:21.761Z",
    "updated": "2024-02-14T07:44:40.011Z",
    "status": "PB"
  }
},
{
  "model": "blog.post",
  "pk": 11,
  "fields": {
    "title": "Aggregate Compelling Experiences",
    "slug": "aggregate-compelling-experiences",
    "author": 1,
    "body": "\tChange always hope talk first main clear agreement. Year mission realize. Style anything usually race skin hit. Yes campaign brother year. Ability course peace. Foreign everyone into job. Program right research step. Run describe serve chance. Responsibility four not find us drug rule our. Strategy artist long dark audience once. Out hear author our environmental ahead.\n\tOnly full election wife so girl leg. Each hit pattern soldier business deep. Her range show set today despite sometimes whether. You here plan road choose particular. Defense want reduce pretty on though. Voice production investment lot kind write similar. Son poor surface position begin. Lose we admit consumer court land level herself. Personal resource million. Nothing continue third center someone group condition.\n\tWhole responsibility environmental unit like professor win. Pay become view nor set. Expert employee work spring bag spring entire. Low those firm population short painting. In step each hot teacher left mean. Pick ago point. Carry sound look wall he sense.\n\tTest reveal moment help task although. Music medical maintain tree share focus. Work bill senior center many recent consumer task. Cold around design statement Mrs prove total. Focus blood product product deep believe eat.\n\tStart statement despite easy only. Economic artist piece kid not. City now book start newspaper. Of history fly seem either spring. Mother method fact computer new alone audience give. Send answer measure close party condition up. Training road themselves each allow stage. Lose computer natural final bad audience.\n\tTogether bill responsibility part. Happy deal business small claim. Free southern marriage office state Mr. Section protect worker president direction writer. Provide she responsibility enough movement night see film.\n\tMyself race else guess great red. Society instead figure thank fight. Action return reduce health just public. Tonight mean land their. Trade market friend woman keep include. Book best purpose anything. To near can management. Sign ten stay clear debate. Congress discover dark report home. Let several church fish. They song letter general look society stay.\n\tThroughout or garden vote yes. Look travel particular prepare. Loss interview matter such doctor maintain. Realize effect art among once practice morning. Give head information cold blue. Republican learn their thought season fear. Else consumer action investment idea offer town. Control ask what hold me radio. Win girl not development make.\n\tImprove from person accept wife Republican yeah. Seek article resource huge most scene. Save year throw message half have during. Reduce break response now example somebody will month. Arm catch often. Mention detail free play. Recent film word thousand be. Health central theory trouble air. Charge responsibility knowledge low social how. Save agreement simply ten experience skill do trouble. Image line begin executive allow safe.\n\tMuch newspaper let. Simply easy fight probably table hotel. House thing growth director father simple. Mrs such no discover just task. Develop those cover bill buy west popular quality. Else would opportunity them. Arrive our old cold throughout culture. Buy even natural movie whether visit. Send yard look apply turn common meeting hope. Answer board rise explain. Market get contain hospital. Structure myself son great. Each area real just. Win old these.",
    "publish": "2024-02-09T05:04:20.826Z",
    "created": "2024-02-13T14:30:21.763Z",
    "updated": "2024-02-14T07:44:40.036Z",
    "status": "PB"
  }
},
{
  "model": "blog.post",
  "pk": 12,
  "fields": {
    "title": "Drive Virtual Channels",
    "slug": "drive-virtual-channels",
    "author": 3,
    "body": "\tOr fund edge for bag. Part program executive. Language wind write energy account sure hit. Company any nothing art. Medical act experience difficult stand.\n\tWindow environment reveal describe special its. The three candidate other simple response. Save establish forget clear woman including. Democrat Mrs participant again tell. Day station late so table out expect. Respond say pattern military where. Pass city language his two like drop. Measure wife wind late head model option. Lose begin subject civil artist. Later specific this authority.\n\tSuccessful perform since eye design drive. Technology never resource poor run sea I. Writer push fire option leave type. Wait list property your other. Pull glass weight hand again if. Just control lead. Hold collection service able former. Season fall face yourself tend understand. Environmental great any generation specific lead. Reduce toward how enter season owner. Should trip measure fact. Bed wide social room day his.\n\tUp tree month evening other education environmental for. Magazine leg college specific. Town worker world cup about success nation. Dinner quite home final tax threat project catch. Throw other southern article. Culture commercial special other quite. Board kitchen son security among future threat hot.\n\tEnter understand really common. Ask middle feel southern site agree. Road paper not green officer nice a fall. Yet million student feeling nearly none keep. Avoid past character issue. Voice American bill ability treat often yes country. They before skill seem. Wind whether go. Believe chance budget development. Several before table section.\n\tRun fly third realize dinner throughout. Agreement tell myself station building hand despite. Man ask skill produce herself thousand indicate. Special me none assume add environmental. Maintain from next tonight recently. Health gas back now. Your either try training rise former. Statement white begin street example painting. Might whose lose model available upon. Challenge such manager through speak identify. Trial decide experience near teach act religious. Dark computer summer morning front. Far top strong seat.",
    "publish": "2024-02-09T14:25:28.669Z",
    "created": "2024-02-13T14:30:21.765Z",
    "updated": "2024-02-14T07:44:40.013Z",
    "status": "PB"
  }
},
{
  "model": "blog.post",
  "pk": 13,
  "fields": {
    "title": "Innovate Mission-Critical Synergies",
    "slug": "innovate-mission-critical-synergies",
    "author": 4,
    "body": "Knowledge evidence voice will protect bring newspaper. Western build miss front issue inside. Imagine marriage person choose. Work assume thus age those these. Pm international our indicate note. Very protect yes recognize or join.\r\n\tManagement view participant bed. Least market keep. Choice part hear. Water former democratic us treat tree. Magazine across because if never this. Smile organization language admit sound. I how knowledge heart within. Space up lot pattern race reason morning. Former quickly find.\r\n\tProve quality step democratic trouble sea study. Civil write network rate section stage. Subject brother red next prove fire. Already look region measure. Building try job exist. Of like prove miss. Thank protect list particular similar.\r\n\tAdministration article manage list. Join really ready air modern. Dinner player someone sport along often against. Make very just four exactly media. Maybe direction president receive word. Since free can pass rich reflect simply. Design church thank stuff. List various build defense.\r\n\tSection front leave maintain majority establish explain behind. Situation open picture although trial have. This wind learn claim respond human. Over stock top seven. Allow discover sport ball boy cover. Interest activity himself continue goal campaign task. Staff pressure include involve. Door data base happy woman. Yes war war off perhaps well. Production paper group rock brother respond. Culture economy value myself. Western local go see debate. Green little heart pretty operation dream we. Pretty media change chair win various high.\r\n\tSound friend so win guy firm activity she. Population third today individual sister. Room mention race eat. Yet save network during trial none. Game organization main small husband official. Manager when lot collection south. Yard every far new. Democrat too while Mr. Front talk everyone Democrat hair. Onto money as act. Several sister fall least. Whose quite employee movie yes. Marriage choice specific community environmental next and.\r\n\tFind expect near tough amount throw only. Year lead myself. Line brother Mr theory. Enter recently unit fire central product alone. Individual yard add arm spend picture. Serious market describe generation reduce magazine. Himself officer leg personal material table enjoy. Half message red sing every see.",
    "publish": "2024-02-02T07:40:47Z",
    "created": "2024-02-13T14:30:21.766Z",
    "updated": "2024-02-14T07:44:40.060Z",
    "status": "PB"
  }
},
{
  "model": "blog.post",
  "pk": 14,
  "fields": {
    "title": "Empower Plug-And-Play Technologies",
    "slug": "empower-plug-and-play-technologies",
    "author": 2,
    "body": "\tPosition bed foot tend explain. Laugh rate order blue become three. Series place process difference yes cell religious institution. Themselves natural half think money. Relate that adult ten power service economy. Explain perform show third up company college. Up ok up decision only trip start. Recognize town risk property your too under. Down however quickly none. Sea determine important action side tend. Call gas bad sister nearly add. Drug effect make more same some. Kitchen type low mission.\n\tInside listen state understand. Debate five big. Note Democrat establish first. Network level not. Modern line concern political issue may. Management development firm draw test prepare garden. Hotel down require at mention key stay. Song fund huge direction. Beyond trip realize already poor. Attorney economic yet evening them answer. Care do west daughter whose commercial evidence.\n\tRelationship debate why sit painting wind source. Serious show happy history response. Yet price human ever officer participant himself. We mouth anyone hospital might in world become. Effort possible give contain. Among talk many popular. His still project level artist act. Move else work high minute pull. Spend in guy. Wait newspaper property difference north article.\n\tArea short space four seek husband. Really accept government benefit according. Seat court attack keep plan ago. Cold wide business data single factor conference. Voice very threat financial door teacher situation. They party well ever near name have. Professional talk field newspaper fly risk. Time believe enter local manage professor lawyer. Relate anyone have show official member. Leader leave until effect subject. Professor believe finally never area century. Away citizen wish term.\n\tEspecially according give imagine win kitchen should. Record a garden like. Decide stage quality. Difficult bed wait lot along. First owner important reach federal traditional last. Help cost reality from couple case state. Church full machine dream. Themselves property despite rest instead. Same weight baby himself computer body. Leader stand market mother near truth.\n\tWhom bank life instead care sister what machine. Various poor pretty day role apply. Also I radio modern. Sign land item sometimes skin. Out condition continue network citizen so. Or believe risk clearly. Case until forward among lead situation. Talk school certain quality central. Media movie parent major thousand PM. Best admit project trip we good.",
    "publish": "2024-02-12T15:34:06.905Z",
    "created": "2024-02-13T14:30:21.768Z",
    "updated": "2024-02-14T07:44:40.054Z",
    "status": "PB"
  }
},
{
  "model": "blog.post",
  "pk": 15,
  "fields": {
    "title": "Aggregate Clicks-And-Mortar Deliverables",
    "slug": "aggregate-clicks-and-mortar-deliverables",
    "author": 3,
    "body": "\tInstead minute use standard. Catch between but consumer movie possible upon. Both industry service race over option. Thing old film network avoid. Late production anyone may. Very eight throughout kind among base. Message radio reach forward will.\n\tMovement difficult president. Congress nice suffer represent believe voice. Ok behind whom night result candidate. Society them move either. Quality gun end character employee hospital citizen.\n\tPerson glass carry good. Situation old represent parent whole school sit event. Enough system position sometimes. Its notice dream magazine police decision difference. Behavior reduce reduce final think sell west. Close brother let American general particular throughout husband. Instead produce million medical save east why. Keep catch hit reveal relationship.\n\tShoulder wait statement member these effort prevent. Pull baby ok over account car. Win art yet war radio peace building. Once it participant project protect. Start thank design remember discover dream PM. Like each mission far. Add draw nothing day two among. Despite black catch store. Letter father education trip question. Different if ball sense partner house. Size cultural road hit.\n\tDog to man data animal order. Poor money give moment too radio. Feeling early hour building movement. Amount occur have to. Mind realize capital travel manage up risk. Standard thousand hundred line sell determine beat development. Professor good beautiful step develop follow theory.\n\tRemember dog be military. Crime five role senior work concern. Themselves too response involve. Wrong politics action environmental sell doctor none. Population decide if firm. Hear spring economic wind enter concern view. Specific other old PM man. Week site natural government health. Court road allow performance indicate huge. Lawyer oil involve board meeting sound anyone occur. Author eight agree actually south from. Statement stage enough market pattern medical near. Show like mother contain actually attorney institution candidate. Onto society happen agree low.\n\tActivity cell young fish. Throw actually right second. History contain medical far central. Identify and require administration show garden energy record. Charge meet admit word eight interesting almost. Admit leg like enter responsibility probably phone.\n\tSometimes today range with ground. Daughter black movement dark audience. According radio significant carry science. Conference well Mrs similar certain current risk. Lose able can fine boy. Including learn else leave short risk push. Local appear Democrat pick itself source. Help manage or field some. Difficult technology according politics. Shake general owner. Interesting pass bed mission value plan. Interest state fast financial try mean water. Traditional crime defense city situation money full. Popular should himself arm face moment modern.",
    "publish": "2024-02-05T07:18:26.372Z",
    "created": "2024-02-13T14:30:21.769Z",
    "updated": "2024-02-14T07:44:40.022Z",
    "status": "PB"
  }
},
{
  "model": "blog.post",
  "pk": 16,
  "fields": {
    "title": "Visualize Cutting-Edge Technologies",
    "slug": "visualize-cutting-edge-technologies",
    "author": 1,
    "body": "\tDecade this answer collection physical laugh girl. Down raise major street every dinner position. Them remain take quite then myself fire. Show lawyer hot much way can animal. Still garden officer down somebody they. Bank civil we write listen activity know individual. Kitchen than machine. Always onto book section politics threat. Whatever only operation build executive world boy identify. Different special technology represent ahead woman under. Letter floor forget outside else wall fact.\n\tMilitary cut still safe theory best edge many. Benefit identify trouble fly avoid wait research. Activity leader blue air listen rest. Seat benefit gas build agent share. Sister bank break point assume. Picture of quality blue evening author air. Avoid south star ready sort. Expect country to father step. He shoulder mouth edge agent.\n\tRecent think give power girl understand. Never management finally. Perhaps least usually officer for note yet. With edge rule receive. Picture may partner. Ten itself lose six ground work leave oil.\n\tMan president book. City ability raise six wonder summer. Film these walk shake daughter. Keep newspaper foot staff. Food off vote guess system cold. Avoid big because prevent condition. Hot call even. Government sign support mention. Try you but film drug. West institution none discover. Ever avoid thousand reveal what suggest. Help administration point heart prevent. Until spring describe money because simple.\n\tMinute project I leader out. Own top TV. Still sort pick dog discuss. Debate behavior series know stand house put week. Decision similar officer bed control. Several value perhaps challenge her you hair require. My seven possible left side understand natural base. Instead charge concern impact else skin. Song enter toward forward investment arrive gas.\n\tAllow standard other would. Kind fight cultural. Government seat whose hear. Course school very town. Nature prove born save person finish build. Glass sister whose. Enough baby foot act public court actually police. Exist since ago people major. Work field their how. Front establish sense pull wife pressure. Difference forget computer environment argue argue.",
    "publish": "2024-02-04T20:23:11.210Z",
    "created": "2024-02-13T14:30:21.770Z",
    "updated": "2024-02-14T07:44:40.051Z",
    "status": "PB"
  }
},
{
  "model": "blog.post",
  "pk": 17,
  "fields": {
    "title": "Aggregate Global Portals",
    "slug": "aggregate-global-portals",
    "author": 5,
    "body": "\tArgue executive learn open. While when simple specific turn watch. Kind check push best. Approach allow rich sea. Success exist item trip fire like hair. Off detail tonight least recognize water account.\n\tHard event bar note indicate at character. Former item head must mention government. Thank happen reduce she. Anything budget hard choice someone one. Usually they employee position describe purpose watch. Vote home million challenge prove behind debate represent. Account year item herself American wind during available. Blue whom early form.\n\tMean fact far still main. Suggest program will purpose. Real little major participant heart deep. Mother discover cut both defense skin. Above skin game century space about without. Music main north doctor. Measure sit describe room several. Reflect season lot guess a. Statement cell necessary wall. Country relate heart allow.\n\tFinancial establish stage hit administration. Activity compare step story region lawyer. Property reflect grow enjoy unit. Election different play detail modern. Chance very fight western PM us wrong. Work campaign training. Current central give significant. Society would unit detail.\n\tNature list partner buy receive. Wear blue hear run war other through. Information great develop authority. Exactly world become top. Various western night party success role weight. Upon movement main yet simply degree.\n\tTonight deep against kid law answer collection. Serious send here program rest understand bar. Consumer save institution that relate modern. Not physical successful. Foreign color early knowledge those around marriage. Figure enjoy character something drug such. Bad blue part son huge recently. Serve which recently will. Standard guy them loss ask. Company side small father must. Free report above result any participant. Form certainly him. Whole perform south style artist out. Daughter great put main.\n\tSort ready along above black old station. Prove beat world fund industry gun. Grow become nature buy. Should build myself eat. From PM evidence.\n\tAgain sound sell alone. Speak develop short religious security. Machine data certain person two. Improve white role deep attack cut lose. Baby price walk find I woman. Operation say mother later. Those true benefit once. Dog hospital vote either size economic.\n\tSpecific the morning voice above commercial charge. Sister history way accept life. Network hospital until. Reflect husband discussion air.\n\tCare information begin unit future. Citizen American answer they they produce television. Easy old affect future area pull. Door claim save consumer brother reach spring sport. Until down line. Throw ball accept while. Response party course lawyer. Guy country travel.\n\tElection country idea. Law choose space painting. Several organization though main bank then marriage. Lawyer according control. Away after enter beyond great. Win experience human half. News thought score increase. Television personal job kitchen seven. Pressure nearly pick whole. Hear live care term trip. Project report low anyone card boy couple. Team including interest require experience friend treat.",
    "publish": "2024-02-05T10:05:40.391Z",
    "created": "2024-02-13T14:30:21.772Z",
    "updated": "2024-02-14T07:44:40.021Z",
    "status": "PB"
  }
},
{
  "model": "blog.post",
  "pk": 18,
  "fields": {
    "title": "Transition Seamless Partnerships",
    "slug": "transition-seamless-partnerships",
    "author": 3,
    "body": "\tStar half artist wonder win. Out stuff big give shoulder. While down conference. Sit back who among local. Quality then including management customer. Behavior risk themselves certain name coach by. International morning save three might toward different. Top necessary nice generation care. Other share relationship sea establish. Certain either specific early. Condition Mrs happy.\n\tImpact focus month through computer. Off sing black test throw. Sort view arm there discover business material. Evening establish section method get hundred. Toward church where they travel by arm office. Power pick take. Peace maybe difficult big of situation character. Structure respond through card what into. History line visit former buy. Always behind its house fund assume health identify. Prepare book make drop. Certain human approach yet along impact. Care task need Democrat less benefit. First state lead believe after.\n\tConsumer world sing buy sport reach could effect. Today animal ability forward back order. Send return room. Administration care dinner mission church court. Price everybody dream four read show. Society best allow class able. More expert town material skin mind. Act win become week responsibility. Understand series maybe pattern I.\n\tEconomy require information fight particularly. Feel get form describe respond those need. Gas popular apply and assume program. Player field article rock. About particular television everything car store tough say. Husband animal develop again suggest. Doctor the form point identify manage. Cut shake coach across president science. Republican my candidate top. Lose teach music force against. Move pressure tonight through finally. Happy baby just plant collection learn teach. Building past her describe box second.\n\tNorth middle trade sit year. School yard gas sell. Office doctor resource reason crime decide. Resource better among current big impact sense. Exist science able suggest system occur recently.\n\tAmount have yet throw back claim politics. Raise including seem land pick off receive. Green someone during remember use wide practice. Will item before direction have husband bad. Prepare Congress political perform. Team some wide magazine particular but indeed. Listen good purpose feeling scene scientist. Improve institution college detail mother. Environmental modern for foreign data simply.\n\tResponsibility life mission your. Start various program include cultural. Friend hospital large employee them scientist difference. Data big argue some change eye north various. While easy career direction others. Against society meet job mouth. According record training close. Fear still three available. Thing together before culture region politics. President everyone firm yeah scientist else think hotel.\n\tWide air think civil mother thing picture available. Learn race dog worry up act whom. Deep respond pick from. Night ok sister develop cold city travel. Discussion Congress half something radio challenge.",
    "publish": "2024-02-06T19:03:37.446Z",
    "created": "2024-02-13T14:30:21.773Z",
    "updated": "2024-02-14T07:44:40.031Z",
    "status": "PB"
  }
},
{
  "model": "blog.post",
  "pk": 19,
  "fields": {
    "title": "Transform Bleeding-Edge Interfaces",
    "slug": "transform-bleeding-edge-interfaces",
    "author": 4,
    "body": "\tAccount approach place charge great argue. On guy who. Hour put leader. Popular office city war term paper mother impact. Fact blood process feeling blood fill. Ago three small leader our improve image. People baby indicate or Republican whom seven environment. Maintain bill might account.\n\tParty western international. Big lay spring direction avoid win. Two yet land guess drive get. Trip car world clear need adult. Right future debate science note image detail. Number change individual nearly after. Field quality baby catch short institution. Live campaign second its throw home. Respond tell focus view. Song glass nor star doctor. Hour watch attack author. Middle candidate leg affect space investment at.\n\tPlayer less lose hot ahead. Along marriage that son animal. Last understand computer little past civil hair film. Respond hope deal treat travel. Room travel painting side strategy stock little.\n\tResponsibility support discover me. Section security water none affect but sound. Wall physical whether federal blue kid worker. Arrive sort writer senior. Sea Democrat purpose note of. About goal thousand different base bank natural. Beautiful plant fine enter now. Already once audience. Our finish kind just produce Democrat.\n\tStaff hear player they west. Small resource house heavy. Policy party strategy mouth while chance kind. Radio create market music tough teach test.",
    "publish": "2024-02-11T17:11:51.577Z",
    "created": "2024-02-13T14:30:21.774Z",
    "updated": "2024-02-14T07:44:40.049Z",
    "status": "PB"
  }
},
{
  "model": "blog.post",
  "pk": 20,
  "fields": {
    "title": "Markdown post",
    "slug": "markdown-post",
    "author": 6,
    "body": "\nThis is a post formatted with markdown.\n---------------------------------------\n\n*This is emphasized* and **this is more emphasized**.\n\nHere is a list:\n    * One\n    * Two\n    * Three\n    \nAnd a [link to the Django website](https://docs.djangoproject.com/)\n",
    "publish": "2024-02-15T08:15:34.268Z",
    "created": "2024-02-15T08:18:30.228Z",
    "updated": "2024-02-15T08:18:30.228Z",
    "status": "PB"
  }
},
{
  "model": "blog.comment",
  "pk": 1,
  "fields": {
    "post": 8,
    "name": "Dylan Garrett",
    "email": "toasterkief@protonmail.com",
    "body": "thelkjasdlkjlksdjfklsdlkdkdldldsdskldslkdslkdsdkdkdkd",
    "created": "2024-02-13T18:59:22.409Z",
    "updated": "2024-02-13T18:59:22.409Z",
    "active": true
  }
},
{
  "model": "taggit.tag",
  "pk": 1,
  "fields": {
    "name": "alpha",
    "slug": "alpha"
  }
},
{
  "model": "taggit.tag",
  "pk": 2,
  "fields": {
    "name": "charlie",
    "slug": "charlie"
  }
},
{
  "model": "taggit.tag",
  "pk": 3,
  "fields": {
    "name": "bravo",
    "slug": "bravo"
  }
},
{
  "model": "taggit.tag",
  "pk": 4,
  "fields": {
    "name": "Mountain",
    "slug": "mountain"
  }
},
{
  "model": "taggit.tag",
  "pk": 5,
  "fields": {
    "name": "Chapter",
    "slug": "chapter"
  }
},
{
  "model": "taggit.tag",
  "pk": 6,
  "fields": {
    "name": "Oil",
    "slug": "oil"
  }
},
{
  "model": "taggit.tag",
  "pk": 7,
  "fields": {
    "name": "Application",
    "slug": "application"
  }
},
{
  "model": "taggit.tag",
  "pk": 8,
  "fields": {
    "name": "Spirit",
    "slug": "spirit"
  }
},
{
  "model": "taggit.tag",
  "pk": 9,
  "fields": {
    "name": "Design",
    "slug": "design"
  }
},
{
  "model": "taggit.tag",
  "pk": 10,
  "fields": {
    "name": "Sister",
    "slug": "sister"
  }
},
{
  "model": "taggit.tag",
  "pk": 11,
  "fields": {
    "name": "Injury",
    "slug": "injury"
  }
},
{
  "model": "taggit.taggeditem",
  "pk": 1,
  "fields": {
    "tag": 1,
    "content_type": 7,
    "object_id": 9
  }
},
{
  "model": "taggit.taggeditem",
  "pk": 2,
  "fields": {
    "tag": 2,
    "content_type": 7,
    "object_id": 9
  }
},
{
  "model": "taggit.taggeditem",
  "pk": 3,
  "fields": {
    "tag": 3,
    "content_type": 7,
    "object_id": 9
  }
},
{
  "model": "taggit.taggeditem",
  "pk": 4,
  "fields": {
    "tag": 2,
    "content_type": 7,
    "object_id": 13
  }
},
{
  "model": "taggit.taggeditem",
  "pk": 5,
  "fields": {
    "tag": 3,
    "content_type": 7,
    "object_id": 13
  }
},
{
  "model": "taggit.taggeditem",
  "pk": 6,
  "fields": {
    "tag": 4,
    "content_type": 7,
    "object_id": 14
  }
},
{
  "model": "taggit.taggeditem",
  "pk": 7,
  "fields": {
    "tag": 4,
    "content_type": 7,
    "object_id": 4
  }
},
{
  "model": "taggit.taggeditem",
  "pk": 8,
  "fields": {
    "tag": 4,
    "content_type": 7,
    "object_id": 7
  }
},
{
  "model": "taggit.taggeditem",
  "pk": 9,
  "fields": {
    "tag": 4,
    "content_type": 7,
    "object_id": 2
  }
},
{
  "model": "taggit.taggeditem",
  "pk": 10,
  "fields": {
    "tag": 5,
    "content_type": 7,
    "object_id": 16
  }
},
{
  "model": "taggit.taggeditem",
  "pk": 11,
  "fields": {
    "tag": 5,
    "content_type": 7,
    "object_id": 5
  }
},
{
  "model": "taggit.taggeditem",
  "pk": 12,
  "fields": {
    "tag": 5,
    "content_type": 7,
    "object_id": 14
  }
},
{
  "model": "taggit.taggeditem",
  "pk": 13,
  "fields": {
    "tag": 5,
    "content_type": 7,
    "object_id": 4
  }
},
{
  "model": "taggit.taggeditem",
  "pk": 14,
  "fields": {
    "tag": 5,
    "content_type": 7,
    "object_id": 3
  }
},
{
  "model": "taggit.taggeditem",
  "pk": 15,
  "fields": {
    "tag": 6,
    "content_type": 7,
    "object_id": 19
  }
},
{
  "model": "taggit.taggeditem",
  "pk": 16,
  "fields": {
    "tag": 6,
    "content_type": 7,
    "object_id": 18
  }
},
{
  "model": "taggit.taggeditem",
  "pk": 17,
  "fields": {
    "tag": 6,
    "content_type": 7,
    "object_id": 2
  }
},
{
  "model": "taggit.taggeditem",
  "pk": 18,
  "fields": {
    "tag": 6,
    "content_type": 7,
    "object_id": 16
  }
},
{
  "model": "taggit.taggeditem",
  "pk": 19,
  "fields": {
    "tag": 6,
    "content_type": 7,
    "object_id": 6
  }
},
{
  "model": "taggit.taggeditem",
  "pk": 20,
  "fields": {
    "tag": 7,
    "content_type": 7,
    "object_id": 5
  }
},
{
  "model": "taggit.taggeditem",
  "pk": 21,
  "fields": {
    "tag": 7,
    "content_type": 7,
    "object_id": 10
  }
},
{
  "model": "taggit.taggeditem",
  "pk": 22,
  "fields": {
    "tag": 7,
    "content_type": 7,
    "object_id": 12
  }
},
{
  "model": "taggit.taggeditem",
  "pk": 23,
  "fields": {
    "tag": 8,
    "content_type": 7,
    "object_id": 19
  }
},
{
  "model": "taggit.taggeditem",
  "pk": 24,
  "fields": {
    "tag": 8,
    "content_type": 7,
    "object_id": 13
  }
},
{
  "model": "taggit.taggeditem",
  "pk": 25,
  "fields": {
    "tag": 8,
    "content_type": 7,
    "object_id": 5
  }
},
{
  "model": "taggit.taggeditem",
  "pk": 26,
  "fields": {
    "tag": 8,
    "content_type": 7,
    "object_id": 17
  }
},
{
  "model": "taggit.taggeditem",
  "pk": 27,
  "fields": {
    "tag": 8,
    "content_type": 7,
    "object_id": 15
  }
},
{
  "model": "taggit.taggeditem",
  "pk": 28,
  "fields": {
    "tag": 9,
    "content_type": 7,
    "object_id": 8
  }
},
{
  "model": "taggit.taggeditem",
  "pk": 29,
  "fields": {
    "tag": 9,
    "content_type": 7,
    "object_id": 1
  }
},
{
  "model": "taggit.taggeditem",
  "pk": 30,
  "fields": {
    "tag": 9,
    "content_type": 7,
    "object_id": 18
  }
},
{
  "model": "taggit.taggeditem",
  "pk": 31,
  "fields": {
    "tag": 9,
    "content_type": 7,
    "object_id": 7
  }
},
{
  "model": "taggit.taggeditem",
  "pk": 32,
  "fields": {
    "tag": 9,
    "content_type": 7,
    "object_id": 13
  }
},
{
  "model": "taggit.taggeditem",
  "pk": 33,
  "fields": {
    "tag": 9,
    "content_type": 7,
    "object_id": 11
  }
},
{
  "model": "taggit.taggeditem",
  "pk": 34,
  "fields": {
    "tag": 10,
    "content_type": 7,
    "object_id": 6
  }
},
{
  "model": "taggit.taggeditem",
  "pk": 35,
  "fields": {
    "tag": 10,
    "content_type": 7,
    "object_id": 13
  }
},
{
  "model": "taggit.taggeditem",
  "pk": 36,
  "fields": {
    "tag": 10,
    "content_type": 7,
    "object_id": 7
  }
},
{
  "model": "taggit.taggeditem",
  "pk": 37,
  "fields": {
    "tag": 10,
    "content_type": 7,
    "object_id": 5
  }
},
{
  "model": "taggit.taggeditem",
  "pk": 38,
  "fields": {
    "tag": 10,
    "content_type": 7,
    "object_id": 19
  }
},
{
  "model": "taggit.taggeditem",
  "pk": 39,
  "fields": {
    "tag": 10,
    "content_type": 7,
    "object_id": 16
  }
},
{
  "model": "taggit.taggeditem",
  "pk": 40,
  "fields": {
    "tag": 11,
    "content_type": 7,
    "object_id": 14
  }
},
{
  "model": "taggit.taggeditem",
  "pk": 41,
  "fields": {
    "tag": 11,
    "content_type": 7,
    "object_id": 6
  }
},
{
  "model": "taggit.taggeditem",
  "pk": 42,
  "fields": {
    "tag": 11,
    "content_type": 7,
    "object_id": 13
  }
}
]
